{
  "app_keywords": {
    "prank": 1.0,
    "wallpaper": 0.9251803637222109,
    "android": 0.5855826617876732,
    "live": 0.479113086917187,
    "sounds": 0.4388527279165827,
    "puzzle": 0.3992609057643226,
    "free": 0.3726435120467011,
    "funny": 0.3640330916387937,
    "haircut": 0.3266232734998993,
    "games": 0.2927913308938366,
    "merge": 0.2927913308938366,
    "airhorn": 0.2518036372221103,
    "fart": 0.2518036372221103,
    "wallpapers": 0.21439381908321584,
    "anime": 0.21439381908321584,
    "music": 0.18632175602335052,
    "keyboard": 0.17698400094432135,
    "sound": 0.17698400094432135,
    "master": 0.15970436230572901,
    "horn": 0.10216436466653236,
    "english": 0.10216436466653236,
    "air": 0.07985218115286452,
    "sandbox": 0.06475454652763787,
    "background": 0.053234787435243014,
    "pranksounds": 0.02734472838874341,
    "pranks": 0.02734472838874341,
    "magnifier": 0.02734472838874341,
    "phone": 0.02734472838874341,
    "box": 0.02734472838874341,
    "funnysounds": 0.02734472838874341,
    "vivo": 0.02734472838874341,
    "beat": 0.02734472838874341,
    "hero": 0.02734472838874341,
    "story": 0.026617393717621535,
    "car": 0.026617393717621535,
    "photo": 0.026617393717621535,
    "number": 0.026617393717621535,
    "block": 0.0,
    "color": 0.0,
    "video": 0.0
  },
  "domain_keywords": {
    "bitbucket": 1.0,
    "games": 0.6698549727654606,
    "co": 0.44656998184364033,
    "kr": 0.44656998184364033,
    "ads": 0.37958448456709426,
    "txt": 0.2902704881983662,
    "in": 0.13397099455309208,
    "blogspot": 0.12130606106637383,
    "fahexports": 0.12130606106637383,
    "br": 0.12130606106637383,
    "web": 0.11164249546091008,
    "tuneonn": 0.08992413467588718,
    "blingfi": 0.08992413467588718,
    "say": 0.08931399636872807,
    "cc": 0.06698549727654605,
    "worldofskins": 0.058542208285400535,
    "host": 0.058542208285400535,
    "mysterytag": 0.058542208285400535,
    "hello": 0.058542208285400535,
    "voodoo": 0.04465699818436403,
    "my": 0.04465699818436403,
    "me": 0.04465699818436403,
    "playpalparadise": 0.027160281894913887,
    "ygamestudio": 0.027160281894913887,
    "fun": 0.027160281894913887,
    "gametertaingame": 0.027160281894913887,
    "ea": 0.027160281894913887,
    "mybptracker": 0.027160281894913887,
    "hk": 0.027160281894913887,
    "keplerians": 0.027160281894913887,
    "game": 0.022328499092182014,
    "zegostudio": 0.022328499092182014,
    "vn": 0.022328499092182014,
    "jindoblu": 0.022328499092182014,
    "live": 0.022328499092182014,
    "abigames": 0.0,
    "nation": 0.0,
    "falcongames": 0.0,
    "dev": 0.0,
    "talkingtomandfriends": 0.0
  },
  "age_threshold": 4137.070707070707,
  "download_threshold": 10101011.090909092
}